sample,run_accession,instrument_platform,fastq_1,fastq_2,fasta
S00QQ_0001,S00QQ_0001,ILLUMINA,/scratch/project_2008347/human_urine/DATA/S00QQ_0001_S65_L001_R1_001.fastq.gz,/scratch/project_2008347/human_urine/DATA/S00QQ_0001_S65_L001_R2_001.fastq.gz,
S00QQ_0002,S00QQ_0002,ILLUMINA,/scratch/project_2008347/human_urine/DATA/S00QQ_0002_S66_L001_R1_001.fastq.gz,/scratch/project_2008347/human_urine/DATA/S00QQ_0002_S66_L001_R2_001.fastq.gz,
S00QQ_0003,S00QQ_0003,ILLUMINA,/scratch/project_2008347/human_urine/DATA/S00QQ_0003_S67_L001_R1_001.fastq.gz,/scratch/project_2008347/human_urine/DATA/S00QQ_0003_S67_L001_R2_001.fastq.gz,
S00QQ_0004,S00QQ_0004,ILLUMINA,/scratch/project_2008347/human_urine/DATA/S00QQ_0004_S68_L001_R1_001.fastq.gz,/scratch/project_2008347/human_urine/DATA/S00QQ_0004_S68_L001_R2_001.fastq.gz,
S00QQ_0005,S00QQ_0005,ILLUMINA,/scratch/project_2008347/human_urine/DATA/S00QQ_0005_S69_L001_R1_001.fastq.gz,/scratch/project_2008347/human_urine/DATA/S00QQ_0005_S69_L001_R2_001.fastq.gz,
S00QQ_0006,S00QQ_0006,ILLUMINA,/scratch/project_2008347/human_urine/DATA/S00QQ_0006_S70_L001_R1_001.fastq.gz,/scratch/project_2008347/human_urine/DATA/S00QQ_0006_S70_L001_R2_001.fastq.gz,
S00QQ_0007,S00QQ_0007,ILLUMINA,/scratch/project_2008347/human_urine/DATA/S00QQ_0007_S71_L001_R1_001.fastq.gz,/scratch/project_2008347/human_urine/DATA/S00QQ_0007_S71_L001_R2_001.fastq.gz,
S00QQ_0008,S00QQ_0008,ILLUMINA,/scratch/project_2008347/human_urine/DATA/S00QQ_0008_S72_L001_R1_001.fastq.gz,/scratch/project_2008347/human_urine/DATA/S00QQ_0008_S72_L001_R2_001.fastq.gz,
S00QQ_0009,S00QQ_0009,ILLUMINA,/scratch/project_2008347/human_urine/DATA/S00QQ_0009_S73_L001_R1_001.fastq.gz,/scratch/project_2008347/human_urine/DATA/S00QQ_0009_S73_L001_R2_001.fastq.gz,
S00QQ_0010,S00QQ_0010,ILLUMINA,/scratch/project_2008347/human_urine/DATA/S00QQ_0010_S74_L001_R1_001.fastq.gz,/scratch/project_2008347/human_urine/DATA/S00QQ_0010_S74_L001_R2_001.fastq.gz,
S00QQ_0011,S00QQ_0011,ILLUMINA,/scratch/project_2008347/human_urine/DATA/S00QQ_0011_S75_L001_R1_001.fastq.gz,/scratch/project_2008347/human_urine/DATA/S00QQ_0011_S75_L001_R2_001.fastq.gz,
S00QQ_0012,S00QQ_0012,ILLUMINA,/scratch/project_2008347/human_urine/DATA/S00QQ_0012_S76_L001_R1_001.fastq.gz,/scratch/project_2008347/human_urine/DATA/S00QQ_0012_S76_L001_R2_001.fastq.gz,
S00QQ_0013,S00QQ_0013,ILLUMINA,/scratch/project_2008347/human_urine/DATA/S00QQ_0013_S77_L001_R1_001.fastq.gz,/scratch/project_2008347/human_urine/DATA/S00QQ_0013_S77_L001_R2_001.fastq.gz,
S00QQ_0014,S00QQ_0014,ILLUMINA,/scratch/project_2008347/human_urine/DATA/S00QQ_0014_S78_L001_R1_001.fastq.gz,/scratch/project_2008347/human_urine/DATA/S00QQ_0014_S78_L001_R2_001.fastq.gz,
S00QQ_0015,S00QQ_0015,ILLUMINA,/scratch/project_2008347/human_urine/DATA/S00QQ_0015_S79_L001_R1_001.fastq.gz,/scratch/project_2008347/human_urine/DATA/S00QQ_0015_S79_L001_R2_001.fastq.gz,
S00QQ_0016,S00QQ_0016,ILLUMINA,/scratch/project_2008347/human_urine/DATA/S00QQ_0016_S80_L001_R1_001.fastq.gz,/scratch/project_2008347/human_urine/DATA/S00QQ_0016_S80_L001_R2_001.fastq.gz,
S00QQ_0017,S00QQ_0017,ILLUMINA,/scratch/project_2008347/human_urine/DATA/S00QQ_0017_S81_L001_R1_001.fastq.gz,/scratch/project_2008347/human_urine/DATA/S00QQ_0017_S81_L001_R2_001.fastq.gz,
S00QQ_0018,S00QQ_0018,ILLUMINA,/scratch/project_2008347/human_urine/DATA/S00QQ_0018_S82_L001_R1_001.fastq.gz,/scratch/project_2008347/human_urine/DATA/S00QQ_0018_S82_L001_R2_001.fastq.gz,
S00QQ_0019,S00QQ_0019,ILLUMINA,/scratch/project_2008347/human_urine/DATA/S00QQ_0019_S83_L001_R1_001.fastq.gz,/scratch/project_2008347/human_urine/DATA/S00QQ_0019_S83_L001_R2_001.fastq.gz,
S00QQ_0020,S00QQ_0020,ILLUMINA,/scratch/project_2008347/human_urine/DATA/S00QQ_0020_S84_L001_R1_001.fastq.gz,/scratch/project_2008347/human_urine/DATA/S00QQ_0020_S84_L001_R2_001.fastq.gz,
S00QQ_0021,S00QQ_0021,ILLUMINA,/scratch/project_2008347/human_urine/DATA/S00QQ_0021_S85_L001_R1_001.fastq.gz,/scratch/project_2008347/human_urine/DATA/S00QQ_0021_S85_L001_R2_001.fastq.gz,
S00SB-0001,S00SB-0001,ILLUMINA,/scratch/project_2008347/human_urine/DATA/S00SB-0001_S81_L001_R1_001.fastq.gz,/scratch/project_2008347/human_urine/DATA/S00SB-0001_S81_L001_R2_001.fastq.gz,
S00SB-0002,S00SB-0002,ILLUMINA,/scratch/project_2008347/human_urine/DATA/S00SB-0002_S82_L001_R1_001.fastq.gz,/scratch/project_2008347/human_urine/DATA/S00SB-0002_S82_L001_R2_001.fastq.gz,
S00SB-0003,S00SB-0003,ILLUMINA,/scratch/project_2008347/human_urine/DATA/S00SB-0003_S83_L001_R1_001.fastq.gz,/scratch/project_2008347/human_urine/DATA/S00SB-0003_S83_L001_R2_001.fastq.gz,
S00SB-0004,S00SB-0004,ILLUMINA,/scratch/project_2008347/human_urine/DATA/S00SB-0004_S84_L001_R1_001.fastq.gz,/scratch/project_2008347/human_urine/DATA/S00SB-0004_S84_L001_R2_001.fastq.gz,
S00SB-0005,S00SB-0005,ILLUMINA,/scratch/project_2008347/human_urine/DATA/S00SB-0005_S85_L001_R1_001.fastq.gz,/scratch/project_2008347/human_urine/DATA/S00SB-0005_S85_L001_R2_001.fastq.gz,
S00SB-0006,S00SB-0006,ILLUMINA,/scratch/project_2008347/human_urine/DATA/S00SB-0006_S86_L001_R1_001.fastq.gz,/scratch/project_2008347/human_urine/DATA/S00SB-0006_S86_L001_R2_001.fastq.gz,
S00SB-0007,S00SB-0007,ILLUMINA,/scratch/project_2008347/human_urine/DATA/S00SB-0007_S87_L001_R1_001.fastq.gz,/scratch/project_2008347/human_urine/DATA/S00SB-0007_S87_L001_R2_001.fastq.gz,
S00SB-0008,S00SB-0008,ILLUMINA,/scratch/project_2008347/human_urine/DATA/S00SB-0008_S88_L001_R1_001.fastq.gz,/scratch/project_2008347/human_urine/DATA/S00SB-0008_S88_L001_R2_001.fastq.gz,
S00SB-0009,S00SB-0009,ILLUMINA,/scratch/project_2008347/human_urine/DATA/S00SB-0009_S89_L001_R1_001.fastq.gz,/scratch/project_2008347/human_urine/DATA/S00SB-0009_S89_L001_R2_001.fastq.gz,
S00SB-0010,S00SB-0010,ILLUMINA,/scratch/project_2008347/human_urine/DATA/S00SB-0010_S90_L001_R1_001.fastq.gz,/scratch/project_2008347/human_urine/DATA/S00SB-0010_S90_L001_R2_001.fastq.gz,
S00SB-0011,S00SB-0011,ILLUMINA,/scratch/project_2008347/human_urine/DATA/S00SB-0011_S91_L001_R1_001.fastq.gz,/scratch/project_2008347/human_urine/DATA/S00SB-0011_S91_L001_R2_001.fastq.gz,
S00SB-0012,S00SB-0012,ILLUMINA,/scratch/project_2008347/human_urine/DATA/S00SB-0012_S92_L001_R1_001.fastq.gz,/scratch/project_2008347/human_urine/DATA/S00SB-0012_S92_L001_R2_001.fastq.gz,
S00SB-0013,S00SB-0013,ILLUMINA,/scratch/project_2008347/human_urine/DATA/S00SB-0013_S93_L001_R1_001.fastq.gz,/scratch/project_2008347/human_urine/DATA/S00SB-0013_S93_L001_R2_001.fastq.gz,
S00SB-0014,S00SB-0014,ILLUMINA,/scratch/project_2008347/human_urine/DATA/S00SB-0014_S94_L001_R1_001.fastq.gz,/scratch/project_2008347/human_urine/DATA/S00SB-0014_S94_L001_R2_001.fastq.gz,
S00SB-0015,S00SB-0015,ILLUMINA,/scratch/project_2008347/human_urine/DATA/S00SB-0015_S95_L001_R1_001.fastq.gz,/scratch/project_2008347/human_urine/DATA/S00SB-0015_S95_L001_R2_001.fastq.gz,
S00SB-0016,S00SB-0016,ILLUMINA,/scratch/project_2008347/human_urine/DATA/S00SB-0016_S96_L001_R1_001.fastq.gz,/scratch/project_2008347/human_urine/DATA/S00SB-0016_S96_L001_R2_001.fastq.gz,
S00SB-0017,S00SB-0017,ILLUMINA,/scratch/project_2008347/human_urine/DATA/S00SB-0017_S97_L001_R1_001.fastq.gz,/scratch/project_2008347/human_urine/DATA/S00SB-0017_S97_L001_R2_001.fastq.gz,
S00SB-0018,S00SB-0018,ILLUMINA,/scratch/project_2008347/human_urine/DATA/S00SB-0018_S98_L001_R1_001.fastq.gz,/scratch/project_2008347/human_urine/DATA/S00SB-0018_S98_L001_R2_001.fastq.gz,
S00SB-0019,S00SB-0019,ILLUMINA,/scratch/project_2008347/human_urine/DATA/S00SB-0019_S99_L001_R1_001.fastq.gz,/scratch/project_2008347/human_urine/DATA/S00SB-0019_S99_L001_R2_001.fastq.gz,
S00SB-0020,S00SB-0020,ILLUMINA,/scratch/project_2008347/human_urine/DATA/S00SB-0020_S100_L001_R1_001.fastq.gz,/scratch/project_2008347/human_urine/DATA/S00SB-0020_S100_L001_R2_001.fastq.gz,
S00SB-0021,S00SB-0021,ILLUMINA,/scratch/project_2008347/human_urine/DATA/S00SB-0021_S101_L001_R1_001.fastq.gz,/scratch/project_2008347/human_urine/DATA/S00SB-0021_S101_L001_R2_001.fastq.gz,
S00SB-0022,S00SB-0022,ILLUMINA,/scratch/project_2008347/human_urine/DATA/S00SB-0022_S102_L001_R1_001.fastq.gz,/scratch/project_2008347/human_urine/DATA/S00SB-0022_S102_L001_R2_001.fastq.gz,
S00SB-0023,S00SB-0023,ILLUMINA,/scratch/project_2008347/human_urine/DATA/S00SB-0023_S103_L001_R1_001.fastq.gz,/scratch/project_2008347/human_urine/DATA/S00SB-0023_S103_L001_R2_001.fastq.gz,
S00SB-0024,S00SB-0024,ILLUMINA,/scratch/project_2008347/human_urine/DATA/S00SB-0024_S104_L001_R1_001.fastq.gz,/scratch/project_2008347/human_urine/DATA/S00SB-0024_S104_L001_R2_001.fastq.gz,
S00SB-0025,S00SB-0025,ILLUMINA,/scratch/project_2008347/human_urine/DATA/S00SB-0025_S105_L001_R1_001.fastq.gz,/scratch/project_2008347/human_urine/DATA/S00SB-0025_S105_L001_R2_001.fastq.gz,
S00SB-0026,S00SB-0026,ILLUMINA,/scratch/project_2008347/human_urine/DATA/S00SB-0026_S106_L001_R1_001.fastq.gz,/scratch/project_2008347/human_urine/DATA/S00SB-0026_S106_L001_R2_001.fastq.gz,
S00SB-0027,S00SB-0027,ILLUMINA,/scratch/project_2008347/human_urine/DATA/S00SB-0027_S107_L001_R1_001.fastq.gz,/scratch/project_2008347/human_urine/DATA/S00SB-0027_S107_L001_R2_001.fastq.gz,
S00SB-0028,S00SB-0028,ILLUMINA,/scratch/project_2008347/human_urine/DATA/S00SB-0028_S108_L001_R1_001.fastq.gz,/scratch/project_2008347/human_urine/DATA/S00SB-0028_S108_L001_R2_001.fastq.gz,
S00SB-0029,S00SB-0029,ILLUMINA,/scratch/project_2008347/human_urine/DATA/S00SB-0029_S109_L001_R1_001.fastq.gz,/scratch/project_2008347/human_urine/DATA/S00SB-0029_S109_L001_R2_001.fastq.gz,
S00SB-0030,S00SB-0030,ILLUMINA,/scratch/project_2008347/human_urine/DATA/S00SB-0030_S110_L001_R1_001.fastq.gz,/scratch/project_2008347/human_urine/DATA/S00SB-0030_S110_L001_R2_001.fastq.gz,
S00SB-0031,S00SB-0031,ILLUMINA,/scratch/project_2008347/human_urine/DATA/S00SB-0031_S111_L001_R1_001.fastq.gz,/scratch/project_2008347/human_urine/DATA/S00SB-0031_S111_L001_R2_001.fastq.gz,
S00SB-0032,S00SB-0032,ILLUMINA,/scratch/project_2008347/human_urine/DATA/S00SB-0032_S112_L001_R1_001.fastq.gz,/scratch/project_2008347/human_urine/DATA/S00SB-0032_S112_L001_R2_001.fastq.gz,
S00SB-0033,S00SB-0033,ILLUMINA,/scratch/project_2008347/human_urine/DATA/S00SB-0033_S113_L001_R1_001.fastq.gz,/scratch/project_2008347/human_urine/DATA/S00SB-0033_S113_L001_R2_001.fastq.gz,
S00SB-0034,S00SB-0034,ILLUMINA,/scratch/project_2008347/human_urine/DATA/S00SB-0034_S114_L001_R1_001.fastq.gz,/scratch/project_2008347/human_urine/DATA/S00SB-0034_S114_L001_R2_001.fastq.gz,
S00SB-0035,S00SB-0035,ILLUMINA,/scratch/project_2008347/human_urine/DATA/S00SB-0035_S115_L001_R1_001.fastq.gz,/scratch/project_2008347/human_urine/DATA/S00SB-0035_S115_L001_R2_001.fastq.gz,
S00SB-0036,S00SB-0036,ILLUMINA,/scratch/project_2008347/human_urine/DATA/S00SB-0036_S116_L001_R1_001.fastq.gz,/scratch/project_2008347/human_urine/DATA/S00SB-0036_S116_L001_R2_001.fastq.gz,
S00SB-0037,S00SB-0037,ILLUMINA,/scratch/project_2008347/human_urine/DATA/S00SB-0037_S117_L001_R1_001.fastq.gz,/scratch/project_2008347/human_urine/DATA/S00SB-0037_S117_L001_R2_001.fastq.gz,
S00SB-0038,S00SB-0038,ILLUMINA,/scratch/project_2008347/human_urine/DATA/S00SB-0038_S118_L001_R1_001.fastq.gz,/scratch/project_2008347/human_urine/DATA/S00SB-0038_S118_L001_R2_001.fastq.gz,
S00SB-0039,S00SB-0039,ILLUMINA,/scratch/project_2008347/human_urine/DATA/S00SB-0039_S119_L001_R1_001.fastq.gz,/scratch/project_2008347/human_urine/DATA/S00SB-0039_S119_L001_R2_001.fastq.gz,
S00SB-0040,S00SB-0040,ILLUMINA,/scratch/project_2008347/human_urine/DATA/S00SB-0040_S120_L001_R1_001.fastq.gz,/scratch/project_2008347/human_urine/DATA/S00SB-0040_S120_L001_R2_001.fastq.gz,
